,pool_name,action,date
0,data_engineering_apps,created,2025-04-28_21:55
0,data_engineering_apps,created,2025-04-28_21:55
0,data_engineering_apps,created,2025-04-28_21:55
0,data_engineering_apps,created,2025-04-28_22:23
0,data_engineering_apps,created,2025-04-29_08:36
0,data_engineering_apps,created,2025-04-29_09:08
0,data_engineering_apps,created,2025-05-01_12:09
0,data_engineering_apps,created,2025-05-02_10:04
0,data_engineering_apps,created,2025-05-02_10:04
0,data_engineering_apps,created,2025-05-02_11:23
0,data_engineering_apps,created,2025-05-02_11:23
0,data_engineering_apps,created,2025-05-02_11:36
0,data_engineering_apps,created,2025-05-05_13:44
0,data_engineering_apps,deleted,2025-05-05_14:02
0,data_engineering_apps,created,2025-05-08_13:30
0,data_engineering_apps,deleted,2025-05-08_13:49
0,data_engineering_apps,created,2025-05-09_17:52
0,data_engineering_apps,deleted,2025-05-09_18:09
